Year,Month,Population,New Immgirants,Unemployment rate,Total Unemployments,Police rate per 100000,Total Number Of Police ,Average age,Average Income,Is Natural Calamity Affected,Is suffering Draught,Is BJP Government,Crime rate,Toal Crimes
1990,January,873277799,512686,2.11,18426161,0.0076,663691,21.1,4256,NO,YES,NO,4.14,36153
1990,February,873277799,512956,2.12,18426161,0.0076,663691,21.1,4260,YES,YES,NO,4.145,36197
1990,March,873277799,513226,2.13,18513489,0.0076,663691,21.1,4264,NO,YES,NO,4.15,36241
1990,April,873277799,513496,2.14,18600817,0.0076,663691,21.1,4268,NO,NO,NO,4.155,36284
1990,May,873277799,513766,2.15,18688144,0.0076,663691,21.1,4272,NO,YES,NO,4.16,36328
1990,June,873277799,514036,2.16,18775472,0.0076,663691,21.1,4276,NO,NO,NO,4.165,36372
1990,July,873277799,514306,2.17,18862800,0.0076,663691,21.1,4280,YES,NO,NO,4.17,36415
1990,August,873277799,514576,2.18,18950128,0.0076,663691,21.1,4284,NO,YES,NO,4.175,36459
1990,September,873277799,514846,2.19,19037456,0.0076,663691,21.1,4288,NO,YES,NO,4.18,36503
1990,October,873277799,515116,2.2,19124783,0.0076,663691,21.1,4292,YES,YES,NO,4.185,36546
1990,November,873277799,515386,2.21,19212111,0.0076,663691,21.1,4296,YES,YES,NO,4.19,36590
1990,December,873277799,515656,2.22,19299439,0.0076,663691,21.2,5256,NO,YES,NO,4.195,36634
1991,January,888123777,600654,2.367,19386767,0.0076,674974,21.2,5259,NO,NO,NO,4.2,37301
1991,February,888123777,612648,2.37,21021889,0.0076,674974,21.2,5262,YES,YES,NO,4.205,37345
1991,March,888123777,624642,2.373,21048533,0.0076,674974,21.2,5265,YES,NO,NO,4.21,37390
1991,April,888123777,636636,2.376,21075177,0.0076,674974,21.2,5268,NO,NO,NO,4.215,37434
1991,May,888123777,648630,2.379,21101820,0.0076,674974,21.2,5271,NO,YES,NO,4.22,37478
1991,June,888123777,660624,2.382,21128464,0.0076,674974,21.2,5274,YES,YES,NO,4.225,37523
1991,July,888123777,672618,2.385,21155108,0.0076,674974,21.2,5277,YES,YES,NO,4.23,37567
1991,August,888123777,684612,2.388,21181752,0.0076,674974,21.2,5280,YES,YES,NO,4.235,37612
1991,September,888123777,696606,2.391,21208395,0.0076,674974,21.2,5283,NO,YES,NO,4.24,37656
1991,October,888123777,708600,2.394,21235039,0.0076,674974,21.2,5286,NO,NO,NO,4.245,37700
1991,November,888123777,720594,2.397,21261683,0.0076,674974,21.2,5289,YES,YES,NO,4.25,37745
1991,December,888123777,732588,2.4,21288326,0.0076,674974,21.2,5292,YES,NO,NO,4.255,37789
1992,January,906113552,744582,2.41,21314970,0.0076,688646,21.4,5369,NO,NO,NO,4.26,38600
1992,February,906113552,756576,2.41,21837336,0.0076,688646,21.4,5379,NO,YES,NO,4.265,38645
1992,March,906113552,768570,2.41,21837336,0.0076,688646,21.4,5389,YES,YES,NO,4.27,38691
1992,April,906113552,780564,2.41,21837336,0.0076,688646,21.4,5399,YES,YES,NO,4.275,38736
1992,May,906113552,792558,2.41,21837336,0.0076,688646,21.4,5409,NO,YES,NO,4.28,38781
1992,June,906113552,804552,2.41,21837336,0.0076,688646,21.4,5419,NO,YES,NO,4.285,38826
1992,July,906113552,816546,2.41,21837336,0.0076,688646,21.4,5429,YES,NO,NO,4.29,38872
1992,August,906113552,828540,2.41,21837336,0.0076,688646,21.4,5439,YES,YES,NO,4.295,38917
1992,September,906113552,840534,2.41,21837336,0.0076,688646,21.4,5449,YES,NO,NO,4.3,38962
1992,October,906113552,852528,2.41,21837336,0.0076,688646,21.4,5459,NO,NO,NO,4.305,39008
1992,November,906113552,864522,2.41,21837336,0.0076,688646,21.4,5469,NO,YES,NO,4.31,39053
1992,December,906113552,876516,2.41,21837336,0.0076,688646,21.4,5479,YES,YES,NO,4.315,39098
1993,January,924265698,888510,2.57,21837336,0.0076,702441,21.6,5879,YES,YES,NO,4.32,39928
1993,February,924265698,900504,2.57,23753628,0.0076,702441,21.6,5893,NO,YES,NO,4.325,39974
1993,March,924265698,912498,2.57,23753628,0.0076,702441,21.6,5907,NO,YES,NO,4.33,40020
1993,April,924265698,924492,2.57,23753628,0.0076,702441,21.6,5921,YES,NO,NO,4.335,40066
1993,May,924265698,936486,2.57,23753628,0.0076,702441,21.6,5935,YES,YES,NO,4.34,40113
1993,June,924265698,948480,2.57,23753628,0.0076,702441,21.6,5949,NO,NO,NO,4.345,40159
1993,July,924265698,960474,2.57,23753628,0.0076,702441,21.6,5963,NO,NO,NO,4.35,40205
1993,August,924265698,972468,2.57,23753628,0.0076,702441,21.6,5977,YES,YES,NO,4.355,40251
1993,September,924265698,984462,2.57,23753628,0.0076,702441,21.6,5991,YES,YES,NO,4.36,40297
1993,October,924265698,996456,2.57,23753628,0.0076,702441,21.6,6005,YES,YES,NO,4.365,40344
1993,November,924265698,1008450,2.57,23753628,0.0076,702441,21.6,6019,NO,YES,NO,4.37,40390
1993,December,924265698,1020444,2.57,23753628,0.0076,702441,21.6,6033,NO,YES,NO,4.375,40436
1994,January,941369732,1032438,2.59,23753628,0.0088,828405,21.7,6226,YES,NO,NO,4.379,41222
1994,February,941369732,1044432,2.59,24381476,0.0088,828405,21.7,6265,YES,YES,NO,4.383,41260
1994,March,941369732,1056426,2.59,24381476,0.0088,828405,21.7,6305,NO,NO,NO,4.387,41297
1994,April,941369732,1068420,2.59,24381476,0.0088,828405,21.7,6345,NO,NO,NO,4.391,41335
1994,May,941369732,1080414,2.59,24381476,0.0088,828405,21.7,6384,YES,YES,NO,4.395,41373
1994,June,941369732,1092408,2.59,24381476,0.0088,828405,21.7,6424,YES,YES,NO,4.399,41410
1994,July,941369732,1104402,2.59,24381476,0.0088,828405,21.7,6464,NO,YES,NO,4.403,41448
1994,August,941369732,1116396,2.59,24381476,0.0088,828405,21.7,6504,NO,YES,NO,4.407,41486
1994,September,941369732,1128390,2.59,24381476,0.0088,828405,21.7,6543,YES,YES,NO,4.411,41523
1994,October,941369732,1140384,2.59,24381476,0.0088,828405,21.7,6583,YES,NO,NO,4.415,41561
1994,November,941369732,1152378,2.59,24381476,0.0088,828405,21.7,6623,YES,YES,NO,4.419,41599
1994,December,941369732,1164372,2.59,24381476,0.0088,828405,21.7,6662,NO,NO,NO,4.423,41636
1995,January,960532696,1176366,2.61,24381476,0.0088,845268,21.8,6702,NO,NO,NO,4.4,42263
1995,February,960532696,1188360,2.61,25069903,0.0088,845268,21.8,6742,YES,YES,NO,4.405,42311
1995,March,960532696,1200354,2.61,25069903,0.0088,845268,21.8,6781,YES,YES,NO,4.41,42359
1995,April,960532696,1212348,2.61,25069903,0.0088,845268,21.8,6821,NO,YES,NO,4.415,42407
1995,May,960532696,1224342,2.61,25069903,0.0088,845268,21.8,6861,NO,YES,NO,4.42,42455
1995,June,960532696,1236336,2.61,25069903,0.0088,845268,21.8,6900,YES,YES,NO,4.425,42503
1995,July,960532696,1248330,2.61,25069903,0.0088,845268,21.8,6940,YES,NO,NO,4.43,42551
1995,August,960532696,1260324,2.61,25069903,0.0088,845268,21.8,6980,NO,YES,NO,4.435,42599
1995,September,960532696,1272318,2.61,25069903,0.0088,845268,21.8,7019,NO,NO,NO,4.44,42647
1995,October,960532696,1284312,2.61,25069903,0.0088,845268,21.8,7059,YES,NO,NO,4.445,42695
1995,November,960532696,1296306,2.61,25069903,0.0088,845268,21.8,7099,YES,YES,NO,4.45,42743
1995,December,960532696,1308300,2.61,25069903,0.0088,845268,21.8,7139,YES,YES,NO,4.455,42791
1996,January,978160026,1320294,2.67,25069903,0.0088,860780,22.1,7178,NO,YES,NO,4.35,42549
1996,February,978160026,1332288,2.67,26116872,0.0088,860780,22.1,7218,NO,YES,NO,4.356,42608
1996,March,978160026,1344282,2.67,26116872,0.0088,860780,22.1,7258,YES,YES,NO,4.354,42589
1996,April,978160026,1356276,2.67,26116872,0.0088,860780,22.1,7297,YES,NO,NO,4.351,42559
1996,May,978160026,1368270,2.67,26116872,0.0088,860780,22.1,7337,NO,YES,NO,4.353,42579
1996,June,978160026,1380264,2.67,26116872,0.0088,860780,22.1,7377,NO,NO,NO,4.3531,42580
1996,July,978160026,1392258,2.67,26116872,0.0088,860780,22.1,7416,YES,NO,NO,4.3532,42581
1996,August,978160026,1404252,2.67,26116872,0.0088,860780,22.1,7456,YES,YES,NO,4.3533,42582
1996,September,978160026,1416246,2.67,26116872,0.0088,860780,22.1,7496,NO,YES,NO,4.3534,42583
1996,October,978160026,1428240,2.67,26116872,0.0088,860780,22.1,7535,NO,YES,NO,4.3535,42584
1996,November,978160026,1440234,2.67,26116872,0.0088,860780,22.1,7575,YES,YES,NO,4.3536,42585
1996,December,978160026,1452228,2.67,26116872,0.0088,860780,22.1,7615,YES,YES,NO,4.3537,42586
1997,January,997132346,1464222,2.63,26116872,0.0088,877476,22.1,7655,YES,NO,NO,4.3538,43413
1997,February,997132346,1476216,2.63,26224580,0.0088,877476,22.1,7694,NO,YES,NO,4.3539,43414
1997,March,997132346,1488210,2.63,26224580,0.0088,877476,22.3,7734,NO,NO,NO,4.354,43415
1997,April,997132346,1500204,2.63,26224580,0.0088,877476,22.3,7774,YES,NO,NO,4.3541,43416
1997,May,997132346,1512198,2.63,26224580,0.0088,877476,22.3,7813,YES,YES,NO,4.3542,43417
1997,June,997132346,1524192,2.63,26224580,0.0088,877476,22.4,7853,NO,YES,NO,4.3543,43418
1997,July,997132346,1536186,2.63,26224580,0.0088,877476,22.4,7893,NO,YES,NO,4.3544,43419
1997,August,997132346,1548180,2.63,26224580,0.0088,877476,22.4,7932,YES,YES,NO,4.3545,43420
1997,September,997132346,1560174,2.63,26224580,0.0088,877476,22.4,7972,YES,YES,NO,4.3546,43421
1997,October,997132346,1572168,2.63,26224580,0.0088,877476,22.4,8012,NO,NO,NO,4.3547,43422
1997,November,997132346,1584162,2.63,26224580,0.0088,877476,22.4,8051,NO,YES,NO,4.3548,43423
1997,December,997132346,1596156,2.63,26224580,0.0088,877476,22.4,8091,YES,NO,NO,4.3549,43424
1998,January,999346845,1608150,2.67,26224580,0.0098,979359,22.4,8131,YES,NO,YES,4.23,42272
1998,February,999346845,1620144,2.67,26682560,0.0098,979359,22.4,8170,YES,YES,YES,4.23,42272
1998,March,999346845,1632138,2.67,26682560,0.0098,979359,22.4,8210,NO,YES,YES,4.23,42272
1998,April,999346845,1644132,2.67,26682560,0.0098,979359,22.4,8253,NO,YES,YES,4.23,42272
1998,May,999346845,1656126,2.67,26682560,0.0098,979359,22.5,8290,YES,YES,YES,4.23,42272
1998,June,999346845,1668120,2.67,26682560,0.0098,979359,22.5,8329,YES,YES,YES,4.23,42272
1998,July,999346845,1680114,2.67,26682560,0.0098,979359,22.5,8369,NO,NO,YES,4.23,42272
1998,August,999346845,1692108,2.67,26682560,0.0098,979359,22.5,8409,NO,YES,YES,4.23,42272
1998,September,999346845,1704102,2.67,26682560,0.0098,979359,22.5,8448,YES,NO,YES,4.23,42272
1998,October,999346845,1716096,2.67,26682560,0.0098,979359,22.5,8488,YES,NO,YES,4.23,42272
1998,November,999346845,1728090,2.67,26682560,0.0098,979359,22.5,8528,NO,YES,YES,4.23,42272
1998,December,999346845,1740084,2.67,26682560,0.0098,979359,22.5,8567,NO,YES,YES,4.23,42272
1999,January,1035125613,1752078,2.74,26682560,0.0098,1014423,22.5,8607,YES,YES,YES,4.88,50514
1999,February,1035125613,1764072,2.74,28362441,0.0098,1014423,22.5,8647,YES,YES,YES,4.88,50514
1999,March,1035125613,1776066,2.74,28362441,0.0098,1014423,22.6,8686,YES,YES,YES,4.88,50514
1999,April,1035125613,1788060,2.74,28362441,0.0098,1014423,22.6,8726,NO,NO,YES,4.88,50514
1999,May,1035125613,1800054,2.74,28362441,0.0098,1014423,22.6,8766,NO,YES,YES,4.88,50514
1999,June,1035125613,1812048,2.74,28362441,0.0098,1014423,22.6,8806,YES,NO,YES,4.88,50514
1999,July,1035125613,1824042,2.74,28362441,0.0098,1014423,22.6,8845,YES,NO,YES,4.88,50514
1999,August,1035125613,1836036,2.74,28362441,0.0098,1014423,22.6,8885,NO,YES,YES,4.88,50514
1999,September,1035125613,1848030,2.74,28362441,0.0098,1014423,22.6,8925,NO,YES,YES,4.88,50514
1999,October,1035125613,1860024,2.74,28362441,0.0098,1014423,22.6,8964,YES,YES,YES,4.88,50514
1999,November,1035125613,1872018,2.74,28362441,0.0098,1014423,22.6,9004,YES,YES,YES,4.88,50514
1999,December,1035125613,1884012,2.74,28362441,0.0098,1014423,22.6,9044,NO,YES,YES,4.88,50514
2000,January,1053434684,1896006,2.73,28362441,0.0105,1106106,22.7,9083,NO,NO,YES,4.61,48563
2000,February,1053434684,1908000,2.73,28758766,0.0105,1106106,22.7,9123,YES,YES,YES,4.61,48563
2000,March,1053434684,1919994,2.73,28758766,0.0105,1106106,22.7,9163,YES,NO,YES,4.61,48563
2000,April,1053434684,1931988,2.73,28758766,0.0105,1106106,22.7,9202,YES,NO,YES,4.61,48563
2000,May,1053434684,1943982,2.73,28758766,0.0105,1106106,22.7,9242,NO,YES,YES,4.61,48563
2000,June,1053434684,1955976,2.73,28758766,0.0105,1106106,22.7,9282,NO,YES,YES,4.61,48563
2000,July,1053434684,1967970,2.73,28758766,0.0105,1106106,22.7,9322,YES,YES,YES,4.61,48563
2000,August,1053434684,1979964,2.73,28758766,0.0105,1106106,22.7,9361,YES,YES,YES,4.61,48563
2000,September,1053434684,1991958,2.73,28758766,0.0105,1106106,22.7,9401,NO,YES,YES,4.61,48563
2000,October,1053434684,2003952,2.73,28758766,0.0105,1106106,22.7,9441,NO,NO,YES,4.61,48563
2000,November,1053434684,2015946,2.73,28758766,0.0105,1106106,22.7,9480,YES,YES,YES,4.61,48563
2000,December,1053434684,2027940,2.73,28758766,0.0105,1106106,22.7,9520,YES,NO,YES,4.61,48563
2001,January,1071546845,2039934,2.87,28758766,0.0105,1125124,22.8,9560,NO,NO,YES,4.47,47898
2001,February,1071546845,2051928,2.87,30753394,0.0105,1125124,22.8,9599,NO,YES,YES,4.475,47951
2001,March,1071546845,2063922,2.87,30753394,0.0105,1125124,22.8,9639,YES,YES,YES,4.473,47930
2001,April,1071546845,2075916,2.87,30753394,0.0105,1125124,22.9,9679,YES,YES,YES,4.475666667,47958
2001,May,1071546845,2087910,2.87,30753394,0.0105,1125124,22.9,9718,YES,YES,YES,4.477166667,47974
2001,June,1071546845,2099904,2.87,30753394,0.0105,1125124,22.9,9758,NO,YES,YES,4.478666667,47991
2001,July,1071546845,2111898,2.87,30753394,0.0105,1125124,22.9,9798,NO,NO,YES,4.480166667,48007
2001,August,1071546845,2123892,2.87,30753394,0.0105,1125124,22.9,9837,YES,YES,YES,4.481666667,48023
2001,September,1071546845,2135886,2.87,30753394,0.0105,1125124,22.9,9877,YES,NO,YES,4.483166667,48039
2001,October,1071546845,2147880,2.87,30753394,0.0105,1125124,22.9,9917,NO,NO,YES,4.484666667,48055
2001,November,1071546845,2159874,2.87,30753394,0.0105,1125124,22.9,9957,NO,YES,YES,4.486166667,48071
2001,December,1071546845,2171868,2.87,30753394,0.0105,1125124,22.9,9996,YES,YES,YES,4.487666667,48087
2002,January,1096571846,2183862,3.05,30753394,0.0105,1151400,22.9,10036,YES,YES,YES,4,43862
2002,February,1096571846,2195856,3.05,33445441,0.0105,1151400,23.2,10076,NO,YES,YES,4,43862
2002,March,1096571846,2207850,3.05,33445441,0.0105,1151400,23.2,10115,NO,YES,YES,4,43862
2002,April,1096571846,2219844,3.05,33445441,0.0105,1151400,23.2,10155,YES,NO,YES,4,43862
2002,May,1096571846,2231838,3.05,33445441,0.0105,1151400,23.2,10195,YES,YES,YES,4,43862
2002,June,1096571846,2243832,3.05,33445441,0.0105,1151400,23.2,10234,YES,NO,YES,4,43862
2002,July,1096571846,2255826,3.05,33445441,0.0105,1151400,23.2,10274,NO,NO,YES,4,43862
2002,August,1096571846,2267820,3.05,33445441,0.0105,1151400,23.2,10314,NO,YES,YES,4,43862
2002,September,1096571846,2279814,3.05,33445441,0.0105,1151400,23.2,10353,YES,YES,YES,4,43862
2002,October,1096571846,2291808,3.05,33445441,0.0105,1151400,23.2,10393,YES,YES,YES,4,43862
2002,November,1096571846,2303802,3.05,33445441,0.0105,1151400,23.2,10433,NO,YES,YES,4,43862
2002,December,1096571846,2315796,3.05,33445441,0.0105,1151400,23.5,10473,NO,YES,YES,4,43862
2003,January,1129876540,2327790,3.18,33445441,0.0105,1186370,23.5,10512,YES,NO,YES,4.13,46663
2003,February,1129876540,2339784,3.18,35930073,0.0105,1186370,23.5,10552,YES,YES,YES,4.135,46720
2003,March,1129876540,2351778,3.18,35930073,0.0105,1186370,23.5,10592,NO,NO,YES,4.14,46776
2003,April,1129876540,2363772,3.18,35930073,0.0105,1186370,23.5,10631,NO,NO,YES,4.145,46833
2003,May,1129876540,2375766,3.18,35930073,0.0105,1186370,23.5,10671,YES,YES,YES,4.15,46889
2003,June,1129876540,2387760,3.18,35930073,0.0105,1186370,23.5,10711,YES,YES,YES,4.155,46946
2003,July,1129876540,2399754,3.18,35930073,0.0105,1186370,23.5,10750,YES,YES,YES,4.16,47002
2003,August,1129876540,2411748,3.18,35930073,0.0105,1186370,23.5,10790,NO,YES,YES,4.165,47059
2003,September,1129876540,2423742,3.18,35930073,0.0105,1186370,23.5,10830,NO,YES,YES,4.17,47115
2003,October,1129876540,2435736,3.18,35930073,0.0105,1186370,23.5,10869,YES,NO,YES,4.175,47172
2003,November,1129876540,2447730,3.18,35930073,0.0105,1186370,23.5,10909,YES,YES,YES,4.18,47228
2003,December,1129876540,2459724,3.18,35930073,0.0105,1186370,23.5,10949,NO,NO,YES,4.185,47285
2004,January,1132540687,2471718,3.1,35930073,0.0105,1189167,23.5,10988,NO,NO,YES,4.13,46773
2004,February,1132540687,2483712,3.1,35108761,0.0105,1189167,23.5,11028,YES,YES,YES,4.13,46773
2004,March,1132540687,2495706,3.1,35108761,0.0105,1189167,23.5,11068,YES,YES,YES,4.13,46773
2004,April,1132540687,2507700,3.1,35108761,0.0105,1189167,23.5,11108,NO,YES,YES,4.13,46773
2004,May,1132540687,2519694,3.1,35108761,0.0105,1189167,23.5,11147,NO,YES,YES,4.13,46773
2004,June,1132540687,2531688,3.1,35108761,0.0105,1189167,23.6,11187,YES,YES,YES,4.13,46773
2004,July,1132540687,2543682,3.1,35108761,0.0105,1189167,23.6,11227,YES,NO,YES,4.13,46773
2004,August,1132540687,2555676,3.1,35108761,0.0105,1189167,23.6,11266,YES,YES,YES,4.13,46773
2004,September,1132540687,2567670,3.1,35108761,0.0105,1189167,23.6,11306,NO,NO,YES,4.13,46773
2004,October,1132540687,2579664,3.1,35108761,0.0105,1189167,23.6,11346,NO,NO,YES,4.13,46773
2004,November,1132540687,2591658,3.1,35108761,0.0105,1189167,23.7,11385,YES,YES,YES,4.13,46773
2004,December,1132540687,2603652,3.1,35108761,0.0105,1189167,23.7,11425,YES,YES,YES,4.13,46773
2005,January,1132540687,2615646,3.1,35108761,0.0105,1189167,23.8,11465,NO,YES,NO,3.94,44622
2005,February,1132540687,2627640,3.1,35108761,0.0105,1189167,23.8,11504,NO,YES,NO,3.94,44622
2005,March,1132540687,2639634,3.1,35108761,0.0105,1189167,23.8,11544,YES,YES,NO,3.94,44622
2005,April,1132540687,2651628,3.1,35108761,0.0105,1189167,23.8,11584,YES,NO,NO,3.94,44622
2005,May,1132540687,2663622,3.1,35108761,0.0105,1189167,23.8,11624,NO,YES,NO,3.94,44622
2005,June,1132540687,2675616,3.1,35108761,0.0105,1189167,23.8,11663,NO,NO,NO,3.94,44622
2005,July,1132540687,2687610,3.1,35108761,0.0105,1189167,23.8,11703,YES,NO,NO,3.94,44622
2005,August,1132540687,2699604,3.1,35108761,0.0105,1189167,23.8,11743,YES,YES,NO,3.94,44622
2005,September,1132540687,2711598,3.1,35108761,0.0105,1189167,23.8,11782,YES,YES,NO,3.94,44622
2005,October,1132540687,2723592,3.1,35108761,0.0105,1189167,23.8,11822,NO,YES,NO,3.94,44622
2005,November,1132540687,2735586,3.1,35108761,0.0105,1189167,23.8,11862,NO,YES,NO,3.94,44622
2005,December,1132540687,2747580,3.1,35108761,0.0105,1189167,23.8,11901,YES,YES,NO,3.94,44622
2006,January,1162286686,2759574,2.74,35108761,0.0105,1220401,24.1,11941,YES,NO,NO,3.88,45096
2006,February,1162286686,2771568,2.74,31846655,0.0105,1220401,24.1,11981,NO,YES,NO,3.88,45096
2006,March,1162286686,2783562,2.74,31846655,0.0105,1220401,24.1,12020,NO,NO,NO,3.88,45096
2006,April,1162286686,2795556,2.74,31846655,0.0105,1220401,24.1,12060,YES,NO,NO,3.88,45096
2006,May,1162286686,2807550,2.74,31846655,0.0105,1220401,24.1,12100,YES,YES,NO,3.88,45096
2006,June,1162286686,2819544,2.74,31846655,0.0105,1220401,24.1,12139,NO,YES,NO,3.88,45096
2006,July,1162286686,2831538,2.74,31846655,0.0105,1220401,24.1,12179,NO,YES,NO,3.88,45096
2006,August,1162286686,2843532,2.74,31846655,0.0105,1220401,24.1,12219,YES,YES,NO,3.88,45096
2006,September,1162286686,2855526,2.74,31846655,0.0105,1220401,24.1,12259,YES,YES,NO,3.88,45096
2006,October,1162286686,2867520,2.74,31846655,0.0105,1220401,24.1,12298,YES,NO,NO,3.88,45096
2006,November,1162286686,2879514,2.74,31846655,0.0105,1220401,24.1,12338,NO,YES,NO,3.88,45096
2006,December,1162286686,2891508,2.74,31846655,0.0105,1220401,24.1,12378,NO,NO,NO,3.88,45096
2007,January,1188229800,2903502,2.4,31846655,0.0105,1247641,24.1,12417,YES,NO,NO,3.85,45746
2007,February,1188229800,2915496,2.4,28517515,0.0105,1247641,24.1,12457,YES,YES,NO,3.85,45746
2007,March,1188229800,2927490,2.4,28517515,0.0105,1247641,24.6,12497,NO,YES,NO,3.85,45746
2007,April,1188229800,2939484,2.4,28517515,0.0105,1247641,24.6,12536,NO,YES,NO,3.85,45746
2007,May,1188229800,2951478,2.4,28517515,0.0105,1247641,24.6,12576,YES,YES,NO,3.85,45746
2007,June,1188229800,2963472,2.4,28517515,0.0105,1247641,24.6,12616,YES,YES,NO,3.85,45746
2007,July,1188229800,2975466,2.4,28517515,0.0105,1247641,24.6,12655,NO,NO,NO,3.85,45746
2007,August,1188229800,2987460,2.4,28517515,0.0105,1247641,24.6,12695,NO,YES,NO,3.85,45746
2007,September,1188229800,2999454,2.4,28517515,0.0105,1247641,24.7,12735,YES,NO,NO,3.85,45746
2007,October,1188229800,3011448,2.4,28517515,0.0105,1247641,24.7,12775,YES,NO,NO,3.85,45746
2007,November,1188229800,3023442,2.4,28517515,0.0105,1247641,24.7,12814,YES,YES,NO,3.85,45746
2007,December,1188229800,3035436,2.4,28517515,0.0105,1247641,24.8,12854,NO,YES,NO,3.85,45746
2008,January,1197546818,3047430,2.27,28517515,0.0105,1257424,24.9,12894,NO,YES,NO,3.83,45866
2008,February,1197546818,3059424,2.27,27184312,0.0105,1257424,24.9,12933,YES,YES,NO,3.83,45866
2008,March,1197546818,3071418,2.27,27184312,0.0105,1257424,24.9,12973,YES,YES,NO,3.83,45866
2008,April,1197546818,3083412,2.27,27184312,0.0105,1257424,24.9,13013,NO,NO,NO,3.83,45866
2008,May,1197546818,3095406,2.27,27184312,0.0105,1257424,24.9,13052,NO,YES,NO,3.83,45866
2008,June,1197546818,3107400,2.27,27184312,0.0105,1257424,24.9,13092,YES,NO,NO,3.83,45866
2008,July,1197546818,3119394,2.27,27184312,0.0105,1257424,24.9,13132,YES,NO,NO,3.83,45866
2008,August,1197546818,3131388,2.27,27184312,0.0105,1257424,24.9,13171,NO,YES,NO,3.83,45866
2008,September,1197546818,3143382,2.27,27184312,0.0105,1257424,24.9,13211,NO,YES,NO,3.83,45866
2008,October,1197546818,3155376,2.27,27184312,0.0105,1257424,24.9,13251,YES,YES,NO,3.83,45866
2008,November,1197546818,3167370,2.27,27184312,0.0105,1257424,24.9,13290,YES,YES,NO,3.83,45866
2008,December,1197546818,3179364,2.27,27184312,0.0105,1257424,24.9,13330,YES,YES,NO,3.83,45866
2009,January,1214214688,3191358,2.48,27184312,0.0105,1274925,24.9,13370,NO,NO,NO,3.76,45654
2009,February,1214214688,3203352,2.48,30112524,0.0105,1274925,24.9,13410,NO,YES,NO,3.76,45654
2009,March,1214214688,3215346,2.48,30112524,0.0105,1274925,24.9,13449,YES,NO,NO,3.76,45654
2009,April,1214214688,3227340,2.48,30112524,0.0105,1274925,24.9,13489,YES,NO,NO,3.76,45654
2009,May,1214214688,3239334,2.48,30112524,0.0105,1274925,25,13529,NO,YES,NO,3.76,45654
2009,June,1214214688,3251328,2.48,30112524,0.0105,1274925,25,13568,NO,YES,NO,3.76,45654
2009,July,1214214688,3263322,2.48,30112524,0.0105,1274925,25,13608,YES,YES,NO,3.76,45654
2009,August,1214214688,3275316,2.48,30112524,0.0105,1274925,25,13648,YES,YES,NO,3.76,45654
2009,September,1214214688,3287310,2.48,30112524,0.0105,1274925,25,13687,NO,YES,NO,3.76,45654
2009,October,1214214688,3299304,2.48,30112524,0.0105,1274925,25,13727,NO,NO,NO,3.76,45654
2009,November,1214214688,3311298,2.48,30112524,0.0105,1274925,25,13767,YES,YES,NO,3.76,45654
2009,December,1214214688,3323292,2.48,30112524,0.0112,1359920,25,13806,YES,NO,NO,3.76,45654
2010,January,1231978218,3335286,2.44,30112524,0.0112,1379815,25.1,13846,YES,NO,NO,3.82,47061
2010,February,1231978218,3347280,2.44,30060268,0.0112,1379815,25.1,13886,NO,YES,NO,3.82,47061
2010,March,1231978218,3359274,2.44,30060268,0.0112,1379815,25.1,13926,NO,YES,NO,3.82,47061
2010,April,1231978218,3371268,2.44,30060268,0.0112,1379815,25.1,13965,YES,YES,NO,3.82,47061
2010,May,1231978218,3383262,2.44,30060268,0.0112,1379815,25.1,14005,YES,YES,NO,3.82,47061
2010,June,1231978218,3395256,2.44,30060268,0.0112,1379815,25.1,14045,NO,YES,NO,3.82,47061
2010,July,1231978218,3407250,2.44,30060268,0.0112,1379815,25.1,14084,NO,NO,NO,3.82,47061
2010,August,1231978218,3419244,2.44,30060268,0.0112,1379815,25.1,14124,YES,YES,NO,3.82,47061
2010,September,1231978218,3431238,2.44,30060268,0.0112,1379815,25.1,14164,YES,NO,NO,3.82,47061
2010,October,1231978218,3443232,2.44,30060268,0.0112,1379815,25.1,14203,NO,NO,NO,3.82,47061
2010,November,1231978218,3455226,2.44,30060268,0.0112,1379815,25.1,14243,NO,YES,NO,3.82,47061
2010,December,1231978218,3467220,2.44,30060268,0.0112,1379815,25.1,14283,YES,YES,NO,3.82,47061
2011,January,1247235003,3479214,2.51,30060268,0.0112,1396903,25.2,14322,YES,YES,NO,3.82,47644
2011,February,1247235003,3491208,2.51,31305598,0.0112,1396903,25.2,14362,YES,YES,NO,3.82,47644
2011,March,1247235003,3503202,2.51,31305598,0.0112,1396903,25.2,14402,NO,YES,NO,3.82,47644
2011,April,1247235003,3515196,2.51,31305598,0.0112,1396903,25.6,14441,NO,NO,NO,3.82,47644
2011,May,1247235003,3527190,2.51,31305598,0.0112,1396903,25.6,14481,YES,YES,NO,3.82,47644
2011,June,1247235003,3539184,2.51,31305598,0.0112,1396903,25.6,14521,YES,NO,NO,3.82,47644
2011,July,1247235003,3551178,2.51,31305598,0.0112,1396903,25.6,14561,NO,NO,NO,3.82,47644
2011,August,1247235003,3563172,2.51,31305598,0.0112,1396903,25.6,14600,NO,YES,NO,3.82,47644
2011,September,1247235003,3575166,2.51,31305598,0.0112,1396903,25.6,14640,YES,YES,NO,3.82,47644
2011,October,1247235003,3587160,2.51,31305598,0.0112,1396903,25.6,14680,YES,YES,NO,3.82,47644
2011,November,1247235003,3599154,2.51,31305598,0.0112,1396903,25.6,14719,NO,YES,NO,3.82,47644
2011,December,1247235003,3611148,2.51,31305598,0.0112,1396903,25.6,14759,NO,YES,NO,3.82,47644
2012,January,1247235003,3623142,2.69,31305598,0.0112,1396903,25.6,14799,YES,NO,NO,3.76,46896
2012,February,1247235003,3635136,2.69,33550621,0.0112,1396903,25.6,14838,YES,YES,NO,3.76,46896
2012,March,1247235003,3647130,2.69,33550621,0.0112,1396903,25.9,14878,YES,NO,NO,3.76,46896
2012,April,1247235003,3659124,2.69,33550621,0.0112,1396903,25.9,14918,NO,NO,NO,3.76,46896
2012,May,1247235003,3671118,2.69,33550621,0.0112,1396903,25.9,14957,NO,YES,NO,3.76,46896
2012,June,1247235003,3683112,2.69,33550621,0.0112,1396903,25.9,14997,YES,YES,NO,3.76,46896
2012,July,1247235003,3695106,2.69,33550621,0.0112,1396903,25.9,15037,YES,YES,NO,3.76,46896
2012,August,1247235003,3707100,2.69,33550621,0.0112,1396903,25.9,15077,NO,YES,NO,3.76,46896
2012,September,1247235003,3719094,2.69,33550621,0.0112,1396903,25.9,15116,NO,YES,NO,3.76,46896
2012,October,1247235003,3731088,2.69,33550621,0.0112,1396903,25.9,15156,YES,NO,NO,3.76,46896
2012,November,1247235003,3743082,2.69,33550621,0.0112,1396903,25.9,15196,YES,YES,NO,3.76,46896
2012,December,1247235003,3755076,2.69,33550621,0.0112,1396903,25.9,15235,NO,NO,NO,3.76,46896
2013,January,1263580508,3767070,2.82,33550621,0.0112,1415210,25.9,15275,NO,NO,NO,3.59,45362
2013,February,1263580508,3779064,2.82,35632970,0.0112,1415210,25.9,15315,YES,YES,NO,3.59,45362
2013,March,1263580508,3791058,2.82,35632970,0.0112,1415210,25.9,15354,YES,YES,NO,3.59,45362
2013,April,1263580508,3803052,2.82,35632970,0.0112,1415210,26.2,15394,YES,YES,NO,3.59,45362
2013,May,1263580508,3815046,2.82,35632970,0.0112,1415210,26.2,15434,NO,YES,NO,3.59,45362
2013,June,1263580508,3827040,2.82,35632970,0.0112,1415210,26.2,15473,NO,YES,NO,3.59,45362
2013,July,1263580508,3839034,2.82,35632970,0.0112,1415210,26.2,15513,YES,NO,NO,3.59,45362
2013,August,1263580508,3851028,2.82,35632970,0.0112,1415210,26.2,15553,YES,YES,NO,3.59,45362
2013,September,1263580508,3863022,2.82,35632970,0.0112,1415210,26.3,15593,NO,NO,NO,3.59,45362
2013,October,1263580508,3875016,2.82,35632970,0.0112,1415210,26.3,15632,NO,NO,NO,3.59,45362
2013,November,1263580508,3887010,2.82,35632970,0.0112,1415210,26.3,15672,YES,YES,NO,3.59,45362
2013,December,1263580508,3899004,2.82,35632970,0.0112,1415210,26.3,15712,YES,YES,NO,3.59,45362
2014,January,1294080786,3910998,2.77,35632970,0.0112,1449370,26.3,15751,NO,YES,YES,3.66,47363
2014,February,1294080786,3922992,2.77,35846037,0.0112,1449370,26.5,15791,NO,YES,YES,3.66,47363
2014,March,1294080786,3934986,2.77,35846037,0.0112,1449370,26.5,15831,YES,YES,YES,3.66,47363
2014,April,1294080786,3946980,2.77,35846037,0.0112,1449370,26.5,15870,YES,NO,YES,3.66,47363
2014,May,1294080786,3958974,2.77,35846037,0.0112,1449370,26.5,15910,YES,YES,YES,3.66,47363
2014,June,1294080786,3970968,2.77,35846037,0.0112,1449370,26.5,15950,NO,NO,YES,3.66,47363
2014,July,1294080786,3982962,2.77,35846037,0.0112,1449370,26.6,15989,NO,NO,YES,3.66,47363
2014,August,1294080786,3994956,2.77,35846037,0.0112,1449370,26.6,16029,YES,YES,YES,3.66,47363
2014,September,1294080786,4006950,2.77,35846037,0.0112,1449370,26.6,16069,YES,YES,YES,3.66,47363
2014,October,1294080786,4018944,2.77,35846037,0.0112,1449370,26.6,16108,NO,YES,YES,3.66,47363
2014,November,1294080786,4030938,2.77,35846037,0.0112,1449370,26.6,16148,NO,YES,YES,3.66,47363
2014,December,1294080786,4042932,2.77,35846037,0.0112,1449370,26.6,16188,YES,YES,YES,3.66,47363
2015,January,1309036950,4054926,2.78,35846037,0.0112,1466121,26.8,16228,YES,NO,YES,3.39,44376
2015,February,1309036950,4066920,2.78,36391227,0.0112,1466121,26.8,16267,NO,YES,YES,3.39,44376
2015,March,1309036950,4078914,2.78,36391227,0.0112,1466121,26.8,16307,NO,NO,YES,3.39,44376
2015,April,1309036950,4090908,2.78,36391227,0.0112,1466121,26.8,16347,YES,NO,YES,3.39,44376
2015,May,1309036950,4102902,2.78,36391227,0.0112,1466121,26.8,16386,YES,YES,YES,3.39,44376
2015,June,1309036950,4114896,2.78,36391227,0.0112,1466121,26.8,16426,YES,YES,YES,3.39,44376
2015,July,1309036950,4126890,2.78,36391227,0.0112,1466121,26.8,16466,NO,YES,YES,3.39,44376
2015,August,1309036950,4138884,2.78,36391227,0.0112,1466121,26.8,16505,NO,YES,YES,3.39,44376
2015,September,1309036950,4150878,2.78,36391227,0.0112,1466121,26.8,16545,YES,YES,YES,3.39,44376
2015,October,1309036950,4162872,2.78,36391227,0.0112,1466121,26.8,16585,YES,NO,YES,3.39,44376
2015,November,1309036950,4174866,2.78,36391227,0.0112,1466121,26.8,16624,NO,YES,YES,3.39,44376
2015,December,1309036950,4186860,2.78,36391227,0.0112,1466121,26.8,16664,NO,NO,YES,3.39,44376
2016,January,1324546942,4198854,2.73,36391227,0.0124,1642438,27.1,16704,YES,NO,YES,3.22,42650
2016,February,1324546942,4210848,2.73,36160131,0.0124,1642438,27.1,16744,YES,YES,YES,3.22,42650
2016,March,1324546942,4222842,2.73,36160131,0.0124,1642438,27.1,16783,NO,YES,YES,3.22,42650
2016,April,1324546942,4234836,2.73,36160131,0.0124,1642438,27.1,16823,NO,YES,YES,3.22,42650
2016,May,1324546942,4246830,2.73,36160131,0.0124,1642438,27.1,16863,YES,YES,YES,3.22,42650
2016,June,1324546942,4258824,2.73,36160131,0.0124,1642438,27.1,16902,YES,YES,YES,3.22,42650
2016,July,1324546942,4270818,2.73,36160131,0.0124,1642438,27.1,16942,YES,NO,YES,3.22,42650
2016,August,1324546942,4282812,2.73,36160131,0.0124,1642438,27.1,16982,NO,YES,YES,3.22,42650
2016,September,1324546942,4294806,2.73,36160131,0.0124,1642438,27.1,17021,NO,NO,YES,3.22,42650
2016,October,1324546942,4306800,2.73,36160131,0.0124,1642438,27.1,17061,YES,NO,YES,3.22,42650
2016,November,1324546942,4318794,2.73,36160131,0.0124,1642438,27.1,17101,YES,YES,YES,3.22,42650
2016,December,1324546942,4330788,2.73,36160131,0.0124,1642438,27.1,17140,NO,YES,YES,3.22,42650
2017,January,1339169534,4342782,2.56,36160131,0.0124,1660570,27.1,17180,NO,YES,YES,3.23,43255
2017,February,1339169534,4354776,2.56,34282740,0.0124,1660570,27.1,17220,YES,YES,YES,3.235,43322
2017,March,1339169534,4366770,2.56,34282740,0.0124,1660570,27.1,17259,YES,YES,YES,3.24,43389
2017,April,1339169534,4378764,2.56,34282740,0.0124,1660570,27.1,17299,NO,NO,YES,3.245,43456
2017,May,1339169534,4390758,2.56,34282740,0.0124,1660570,27.1,17339,NO,YES,YES,3.25,43523
2017,June,1339169534,4402752,2.56,34282740,0.0124,1660570,27.1,17379,YES,NO,YES,3.255,43589
2017,July,1339169534,4414746,2.56,34282740,0.0124,1660570,27.1,17418,YES,NO,YES,3.26,43656
2017,August,1339169534,4426740,2.56,34282740,0.0124,1660570,27.1,17458,YES,YES,YES,3.265,43723
2017,September,1339169534,4438734,2.56,34282740,0.0124,1660570,27.1,17498,NO,YES,YES,3.27,43790
2017,October,1339169534,4450728,2.56,34282740,0.0124,1660570,27.1,17537,NO,YES,YES,3.275,43857
2017,November,1339169534,4462722,2.56,34282740,0.0124,1660570,27.1,17577,YES,YES,YES,3.28,43924
2017,December,1339169534,4474716,2.56,34282740,0.0124,1660570,27.1,17617,YES,YES,YES,3.285,43991
2018,January,1343658453,4486710,2.55,34282740,0.0124,1666136,27.1,17656,NO,NO,YES,3.15,42325
2018,February,1343658453,4498704,2.55,34263290,0.0124,1666136,27.1,17696,NO,YES,YES,3.15,42325
2018,March,1343658453,4510698,2.55,34263290,0.0124,1666136,27.1,17736,YES,NO,YES,3.15,42325
2018,April,1343658453,4522692,2.55,34263290,0.0124,1666136,27.1,17775,YES,NO,YES,3.15,42325
2018,May,1343658453,4534686,2.55,34263290,0.0124,1666136,27.1,17815,NO,YES,YES,3.15,42325
2018,June,1343658453,4546680,2.55,34263290,0.0124,1666136,27.1,17855,NO,YES,YES,3.15,42325
2018,July,1343658453,4558674,2.55,34263290,0.0124,1666136,27.1,17895,YES,YES,YES,3.15,42325
2018,August,1343658453,4570668,2.55,34263290,0.0124,1666136,27.1,17934,YES,YES,YES,3.15,42325
2018,September,1343658453,4582662,2.55,34263290,0.0124,1666136,27.1,17974,YES,YES,YES,3.15,42325
2018,October,1343658453,4594656,2.55,34263290,0.0124,1666136,27.1,18014,NO,NO,YES,3.15,42325
2018,November,1343658453,4606650,2.55,34263290,0.0124,1666136,27.1,18053,NO,YES,YES,3.15,42325
2018,December,1343658453,4618644,2.55,34263290,0.0124,1666136,27.1,18093,YES,NO,YES,3.15,42325
2019,January,1369236512,4630638,2.9,34263290,0.0124,1697853,27.1,18133,YES,NO,YES,3.8,52030
2019,February,1369236512,4642632,2.9,39707858,0.0124,1697853,27.1,18172,NO,YES,YES,3.8,52030
2019,March,1369236512,4654626,2.9,39707858,0.0124,1697853,27.2,18212,NO,YES,YES,3.8,52030
2019,April,1369236512,4666620,2.9,39707858,0.0124,1697853,27.2,18252,YES,YES,YES,3.8,52030
2019,May,1369236512,4678614,2.9,39707858,0.0124,1697853,27.2,18291,YES,YES,YES,3.8,52030
2019,June,1369236512,4690608,2.9,39707858,0.0124,1697853,27.2,18331,NO,YES,YES,3.8,52030
2019,July,1369236512,4702602,2.9,39707858,0.0124,1697853,27.2,18371,NO,NO,YES,3.8,52030
2019,August,1369236512,4714596,2.9,39707858,0.0124,1697853,27.2,18410,YES,YES,YES,3.8,52030
2019,September,1369236512,4726590,2.9,39707858,0.0124,1697853,27.2,18450,YES,NO,YES,3.8,52030
2019,October,1369236512,4738584,2.9,39707858,0.0124,1697853,27.2,18490,YES,NO,YES,3.8,52030
2019,November,1369236512,4750578,2.9,39707858,0.0124,1697853,27.2,18530,NO,YES,YES,3.8,52030
2019,December,1369236512,4762572,2.9,39707858,0.0124,1697853,27.2,18569,NO,YES,YES,3.8,52030
2020,January,1380004385,4774566,3.4,39707858,0.0192,1926000,28.3,18609,YES,YES,YES,3.89,53682
2020,February,1380004385,4786560,3.4,46920149,0.0192,1926000,28.3,18649,YES,YES,YES,3.89,53682
2020,March,1380004385,4798554,3.4,46920149,0.0192,1926000,28.3,18688,NO,YES,YES,3.89,53682
2020,April,1380004385,4810548,3.4,46920149,0.0192,1926000,28.3,18728,NO,NO,YES,3.89,53682
2020,May,1380004385,4822542,3.4,46920149,0.0192,1926000,28.3,18768,YES,YES,YES,3.89,53682
2020,June,1380004385,4834536,3.4,46920149,0.0192,1926000,28.3,18807,YES,NO,YES,3.89,53682
2020,July,1380004385,4846530,3.4,46920149,0.0192,1926000,28.4,18847,NO,NO,YES,3.89,53682
2020,August,1380004385,4858524,3.4,46920149,0.0192,1926000,28.4,18887,NO,YES,YES,3.89,53682
2020,September,1380004385,4870518,3.4,46920149,0.0192,1926000,28.4,18926,YES,YES,YES,3.89,53682
2020,October,1380004385,4882512,3.4,46920149,0.0192,1926000,28.4,18966,YES,YES,YES,3.89,53682
2020,November,1380004385,4894506,3.4,46920149,0.0192,1926000,28.4,19006,YES,YES,YES,3.89,53682
2020,December,1380004385,4906500,3.4,46920149,0.0192,1926000,28.4,19046,NO,YES,YES,3.89,53682
